{"sections":{"cart-items":{"type":"main-cart-items","settings":{"padding_top":0,"padding_bottom":0}},"cart-footer":{"type":"main-cart-footer","blocks":{"subtotal":{"type":"subtotal","settings":{}},"buttons":{"type":"buttons","settings":{}}},"block_order":["subtotal","buttons"],"settings":{}},"1677164749c30b9099":{"type":"apps","blocks":{"59261d14-9ffa-488f-a19b-37efbde03fb4":{"type":"shopify:\/\/apps\/trust-badges-bear\/blocks\/widget\/163a9b59-0ec2-4cb7-bf5c-31408b4a9420","settings":{}}},"block_order":["59261d14-9ffa-488f-a19b-37efbde03fb4"],"settings":{"include_margins":true}}},"order":["cart-items","cart-footer","1677164749c30b9099"]}