{"sections":{"image-with-text":{"type":"image-with-text","blocks":{"heading":{"type":"heading","settings":{"heading":"Leuke Deals Voor Leuke Mensen","heading_size":"h2"}},"text":{"type":"text","settings":{"text":"<p>Team Zolera is dagelijks bezig met het vinden van de leukste trendy producten. Het leven is niks zonder leuke must-haves!<\/p>","text_style":"body"}},"button":{"type":"button","settings":{"button_label":"Nu Shoppen","button_link":"shopify:\/\/collections\/all"}}},"block_order":["heading","text","button"],"settings":{"image":"shopify:\/\/shop_images\/close-up-of-customer-with-her-shopping.jpg","height":"large","desktop_image_width":"large","layout":"text_first","desktop_content_position":"middle","desktop_content_alignment":"left","content_layout":"overlap","color_scheme":"background-2","mobile_content_alignment":"left","padding_top":0,"padding_bottom":0}},"1ea7094e-b5cb-439a-b7da-85057c303e23":{"type":"featured-collection","settings":{"title":"Onze Bestellers Op Een Rijtje","heading_size":"h1","description":"","show_description":false,"description_style":"body","collection":"","products_to_show":4,"columns_desktop":4,"full_width":false,"show_view_all":true,"view_all_style":"solid","enable_desktop_slider":false,"color_scheme":"background-1","image_ratio":"adapt","show_secondary_image":false,"show_vendor":false,"show_rating":false,"enable_quick_add":false,"columns_mobile":"2","swipe_on_mobile":false,"padding_top":36,"padding_bottom":36}},"newsletter":{"type":"newsletter","blocks":{"heading":{"type":"heading","settings":{"heading":"Meld Je Aan Voor Leuke Deals","heading_size":"h2"}},"paragraph":{"type":"paragraph","settings":{"text":"<p>Onze VIP lijst is altijd als eerste op de hoogte van kortingen en nieuwe producten.<\/p>"}},"email-form":{"type":"email_form","settings":{}}},"block_order":["heading","paragraph","email-form"],"settings":{"color_scheme":"background-2","full_width":true,"padding_top":68,"padding_bottom":52}},"75a135b9-7d88-4016-90b3-10dcf8380d0e":{"type":"image-with-text","blocks":{"template--18135679402286__75a135b9-7d88-4016-90b3-10dcf8380d0e-167827771011192772-0":{"type":"heading","settings":{"heading":"Onze klant staat op één","heading_size":"h1"}},"template--18135679402286__75a135b9-7d88-4016-90b3-10dcf8380d0e-167827771011192772-1":{"type":"text","settings":{"text":"<p>Wij hebben 7 dagen in de week de beste klantenservice voor jou klaarstaan. Heb je een vraag over je bestelling of product? Ons team is er om jou verder te helpen.<\/p>","text_style":"body"}}},"block_order":["template--18135679402286__75a135b9-7d88-4016-90b3-10dcf8380d0e-167827771011192772-0","template--18135679402286__75a135b9-7d88-4016-90b3-10dcf8380d0e-167827771011192772-1"],"settings":{"image":"shopify:\/\/shop_images\/customer-support-staff-smiles.jpg","height":"adapt","desktop_image_width":"medium","layout":"image_first","desktop_content_position":"top","desktop_content_alignment":"left","content_layout":"no-overlap","color_scheme":"background-1","mobile_content_alignment":"left","padding_top":36,"padding_bottom":36}}},"order":["image-with-text","1ea7094e-b5cb-439a-b7da-85057c303e23","newsletter","75a135b9-7d88-4016-90b3-10dcf8380d0e"]}