{"sections":{"main":{"type":"main-product","blocks":{"title":{"type":"title","settings":{}},"price":{"type":"price","settings":{}},"004f1b3e-92b2-4441-83f7-017c399c6ae0":{"type":"ms_lines","settings":{}},"variant_picker":{"type":"variant_picker","settings":{"picker_type":"button"}},"quantity_selector":{"type":"quantity_selector","disabled":true,"settings":{}},"buy_buttons":{"type":"buy_buttons","settings":{"show_dynamic_checkout":false}},"c6d841e4-e980-445f-bdb5-314d50e9b7bd":{"type":"shopify:\/\/apps\/trust-badges-bear\/blocks\/widget\/163a9b59-0ec2-4cb7-bf5c-31408b4a9420","settings":{}},"description":{"type":"description","settings":{}},"collapsible-content-0":{"type":"collapsible_tab","settings":{"heading":"Gratis Verzending","icon":"truck","content":"<p>Wij nemen de verzendkosten voor eigen rekening. <\/p>","page":""}},"collapsible-content-3":{"type":"collapsible_tab","settings":{"heading":"Niet goed? Geld terug!","icon":"return","content":"<p>Bij Zolera hanteren wij een 100% tevredenheidsgarantie.<\/p>","page":""}},"ea4c5292-72d6-4857-9c92-4d13bf9e1a14":{"type":"collapsible_tab","settings":{"heading":"100% Tevredenheidsgarantie","icon":"check_mark","content":"<p>De klant staat bij ons op één. Onze klantenservice is 7 dagen per week voor jou geopend. Als je om wat voor reden dan ook niet tevreden bent lossen wij dit voor je op.<\/p>","page":""}}},"block_order":["title","price","004f1b3e-92b2-4441-83f7-017c399c6ae0","variant_picker","quantity_selector","buy_buttons","c6d841e4-e980-445f-bdb5-314d50e9b7bd","description","collapsible-content-0","collapsible-content-3","ea4c5292-72d6-4857-9c92-4d13bf9e1a14"],"settings":{"enable_sticky_info":true,"media_size":"medium","constrain_to_viewport":true,"media_fit":"cover","gallery_layout":"stacked","media_position":"left","image_zoom":"lightbox","mobile_thumbnails":"hide","hide_variants":false,"enable_video_looping":false,"padding_top":0,"padding_bottom":36}},"related-products":{"type":"related-products","disabled":true,"settings":{"heading":"You may also like","heading_size":"h2","products_to_show":4,"columns_desktop":4,"color_scheme":"background-1","image_ratio":"adapt","show_secondary_image":false,"show_vendor":false,"show_rating":false,"columns_mobile":"2","padding_top":36,"padding_bottom":24}}},"order":["main","related-products"]}