{"name":"t:sections.footer.name","type":"footer","sections":{"footer":{"type":"footer","blocks":{"text-1":{"type":"text","settings":{"heading":"Onze Altijd Happy Klantenservice","subtext":"<p>Ons Team Staat Iedere Dag Snel Voor Jou Klaar!<\/p><p>Openingstijden:<\/p><p>Ma - Vrij - 08:30 - 19:00<\/p><p>Za - Zo - 8:30 - 16:00<\/p>"}},"linklist":{"type":"link_list","settings":{"heading":"Support","menu":"footer"}}},"block_order":["text-1","linklist"],"settings":{"color_scheme":"accent-2","newsletter_enable":false,"newsletter_heading":"Subscribe to our emails","enable_follow_on_shop":false,"show_social":true,"enable_country_selector":true,"enable_language_selector":true,"payment_enable":false,"show_policy":false,"margin_top":0,"padding_top":32,"padding_bottom":48}}},"order":["footer"]}