{"name":"t:sections.header.name","type":"header","sections":{"announcement-bar":{"type":"announcement-bar","blocks":{"announcement-bar-0":{"type":"announcement","settings":{"text":"Betaal Achteraf Met Klarna","text_alignment":"center","color_scheme":"accent-2","link":""}}},"block_order":["announcement-bar-0"],"settings":{}},"header":{"type":"header","settings":{"color_scheme":"background-1","logo_position":"top-center","menu":"main-menu","menu_type_desktop":"dropdown","sticky_header_type":"on-scroll-up","show_line_separator":false,"mobile_logo_position":"center","margin_bottom":24,"padding_top":20,"padding_bottom":20}}},"order":["announcement-bar","header"]}